Product,Currentstock,Rate,Value
145/70/12 - S 322 Tyre,6,2028,12168
145/70/13 B290 T/L TYRE,6,2731,16386
1458012 B290T/L,4,2462,9848
145/80/12 ER 60 T/L Tyre,2,2633,5266
145/80/12 S 248 Tyre,12,2233,26796
145/80/13 B290 Tl Tyre,8,2752,22016
145/80R12 STURZ TL,9,2536,22824
155/65/13 B290 T/L,17,2930,49810
155/65/14 B290T/L,13,3027,39351
155/65/14 STURZ TL,5,3103,15515
155/65 R13 STURZ TL,4,3003,12012
155/70/13 B290 T/L TYRE,2,3022,6044
155/70/14 B290T/L,3,3079,9237
155/70 R13 STURZ TL,8,3098,24784
1558013 B250 T/L,4,3336,13344
1558013 B290T/L,8,3255,26040
155/ R/ 13 L607 T/L TYRE,4,3325,13300
165/65/13 B290 TL,8,3011,24088
165/65/14 S322TL TYRE,4,3740,14960
165/65/14 S322 Tyre,3,3059,9177
165/70/14 B290 TL TYRE,4,2966,11864
165/70R14 STURZ TL,12,3041,36492
165/80/13-S 248 Tyre,2,2821,5642
165/80/14 B290T/L,16,3312,52992
165/80/14 EP150 T/L,4,3215,12860
165/80/14 S248 TL,24,3452,82848
165/80 R14 STURZ TL,4,3378,13512
175/65/14B290 T/L TYRE,13,4282,55666
175/65/14 EP 150 TL,1,4158,4158
175/65/15 B250 T/L,8,4565,36520
175/65/15EP150TL,4,4346,17384
175/65R14 STURZ TL,4,4391,17564
175/70/13 B290 T/L TYRE,8,3828,30624
175/70 R14 STURZ TL,4,4325,17300
185/55/16EP150 TL,4,5952,23808
185/60/14 MY 02 T/L TYRE,2,3708,7416
185/60/15 B250 T/L TYRE,2,4596,9192
185/60/15 B290 T/L TYRE,3,4484,13452
185/60/15 EP150 T/L,3,4381,13143
185/60/15 ER300 TL TYRE,4,4724,18896
185/60 R15 STURZ TL,12,4596,55152
185/65/14 B290 T/L TYRE,6,4046,24276
185/65/14EP150TL TYRE,1,3927,3927
185/65/15B250T/L,5,4862,24310
185/65/15 EP150T/L,1,4648,4648
185/65R14 STURZ TL,8,4127,33016
185/65R15 STURZ TL,8,4862,38896
185/70/14 B290 T/L,16,4100,65600
185/70/14 ER60T/L,18,4248,76464
185/70 R14 STURZ TL,4,4202,16808
195/55/16 B250 TL TYRE,6,6579,39474
195/55/16EP150 TL,2,6241,12482
195/60/15 B290TL,8,5094,40752
195/60/15 EP150,1,4925,4925
195/60/15 ER60,4,5249,20996
195/60 R16 EP150,4,6256,25024
195/65R15 STURZ TL,4,5305,21220
195/70/14-RE 88 TL Tyre,4,5164,20656
205/55/16 B290 TL,4,6976,27904
205/60/14 GIII T/L Tyre,6,4537,27222
205/60/16 G3 T/L,4,6243,24972
205/65/15 B 390 T/L Tyre,12,5685,68220
205/65 15 ER 60 TL,4,5781,23124
205/65/16 B390 TL TYRE,6,5808,34848
215/55/17 T01AAZ TL,5,8988,44940
215/60/16 EP150 T/L,4,6397,25588
215/60/17DHPSVZ TL,4,8158,32632
215/65/16 T01RAZ,4,7485,29940
215/75/15 D689 T/L Tyre,8,5826,46608
215/75/15 D693 T/L,4,5940,23760
215/75/15 PCAB LVR TYRE,1,5348,5348
235/65/17 684 TL TYRE,4,10339,41356
235/70/16 D689 T/L Tyre,4,7017,28068
265/60/18 D684 T/L,2,13335.23,26670.46
265/65/17 D693 TL,4,10100.12,40400.47
